{
  "name": "Woodland Defense",
  "description": "Protect the village through winding forest paths",
  "version": "1.0",
  "author": "Map Editor",
  "canvas": {
    "width": 800,
    "height": 600,
    "backgroundColor": "#2d4a2d"
  },
  "path": {
    "waypoints": [
      { "x": 0, "y": 300 },
      { "x": 160, "y": 300 },
      { "x": 160, "y": 140 },
      { "x": 400, "y": 140 },
      { "x": 400, "y": 460 },
      { "x": 640, "y": 460 },
      { "x": 640, "y": 220 },
      { "x": 800, "y": 220 }
    ],
    "width": 40,
    "color": "#8b7355"
  },
  "settings": {
    "startingMoney": 120,
    "startingLives": 22
  }
}
